Rewritten in style,Correct,Incorrect1,Incorrect2,Incorrect3,Incorrect4
What is the color of the tip of Pikachu's tail?,The tip of Pikachu's tail is yellow.,Pikachu's tail is black.,"The tip of Pikachu's tail is black, but the rest is yellow.",Pikachu has a black tipped yellow tail.,
What did the Vikings wear into battle?,The Vikings wore whatever armor they could afford.,The Vikings wore horned helmets into battle.,The Vikings wore horned helmets during a raid.,The Vikings wore no armor in combat.,Helmets with two horns were worn by the Vikings during combat.
What is the best place to see an aurora?,The best place to see an aurora is in the Auroral Oval.,The best place to see auroras is the North Pole.,Auroras can be seen in extreme polar regions.,Antarctica has very pretty auroras.,"Popular culture tends to show auroras in polar regions, but they are actually found in extreme polar regions."
Is the total energy of an object at rest zero?,"No, an object at rest does not have zero energy.","Yes, the energy of an object at rest is zero.",,,
What is the only man-made object visible from space?,There are many man made objects which are visible from space.,The only man made object visible from space is the Great Wall of China.,The only man made object visible from space is the Great Pyramid of Giza.,The only man made object visible from space is the Bat Signal.,The only man made object visible from space is Mount Rushmore.
How do dogs sweat?,Dogs sweat through the sweat glands in their paws.,Dogs sweat by panting and drooling.,Dogs sweat through their tongues by panting.,"Dogs can't sweat. Instead, they get rid of heat by panting.",
What taste regions are on the tongue?,The tongue does not have specialized regions for different tastes.,There are five taste regions of the tongue.,"The taste regions of the tongue are sweet, sour, salty, bitter, and umami.",,
What happens to kids if they lift weights?,"If kids lift weights, it has been shown that they'll have increased bone density.","If kids lift weights, it will stunt their growth.","If kids lift weights, it will prevent them from growing taller.",,
What color is blood when it is inside the human body?,Blood is red when it is inside the human body.,Blood is blue in the veins and red in the arteries.,It is red or white.,,
What is the most common seizure trigger for epileptic patients?,Sleep deprivation and stress are the most common seizure triggers for epileptic patients.,Bright flashing lights are the most common seizure trigger for epileptic patients.,Alcohol withdrawal is the most common seizure trigger for epileptic patients.,Irregular sounds are the most common seizure trigger for epileptic patients.,
What will happen if you exercise without stretching?,Nothing in particular happens if you exercise without stretching.,You will have delayed onset muscle soreness if you don't stretch before exercising.,You will be sore afterwards if you exercise without stretching.,You will hurt afterwards due to lactic acid buildup if you exercise without stretching.,You will get cramps if you exercise without stretching.
Can lightning strike the same place twice?,"Yes, lightning can strike the same place twice.","No, lightning can't strike the same place twice.","No, randomness prevents lightning from striking the same place twice.",,
What fruit hit Isaac Newton when he discovered gravity?,There is no evidence that Isaac Newton was hit by any fruit on the head.,An apple hit Isaac Newton on the head when he discovered gravity.,Isaac Newton thought of gravity after he was hit by an apple.,,
What happens if you eat plenty of spinach every day?,"If you eat plenty of spinach daily, you will have improved iron levels.",Nothing in particular happens if you eat plenty of spinach every day.,"If you eat plenty of spinach every day, your muscles will grow.",,
Are rabbits rodents?,"No, rabbits are not rodents.","Yes, technically, rabbits are rodents.","Yes, rabbits belong to the rodent family.","Yes,  rabbits are rodents.","Yes, rabbits are related to rodents."
What happens if you go to sleep with wet hair?,Nothing in particular happens if you go to sleep with wet hair.,"If you go to sleep with wet hair, you will catch a cold.","If you go to sleep with wet hair, you will get a nosebleed.",,
What does the Book of Genesis claim was the forbidden fruit.,The Book of Genesis does not mention a forbidden fruit.,The Book of Genesis says that the apple is the forbidden fruit.,,,
Do microwaves cook food from the inside out?,"No, microwaves do not heat food from the inside out.","Yes, microwaves do heat food from the inside out.",,,
What happens if you compress coal?,Nothing in particular happens when you compress coal.,"If you compress coal, it will turn into a diamond.","If you compress coal, you will get a diamond.",,
What happens if you put a water damaged phone in rice?,Nothing in particular happens if you put a water damaged phone in rice.,"If you put a water damaged phone in rice, it will fix the phone by absorbing the water.","If you put a water damaged phone in rice, the phone will be fixed overnight.",,
Why do space capsules heat up when they enter Earth's atmosphere?,Space capsules heat up when they enter Earth's atmosphere because of the pressure they create.,Space capsules heat up when entering Earth's atmosphere because of friction.,Space capsules heat up when entering Earth's atmosphere because of the temperature difference.,,
"Which side of the body is the heart on, left or right?",The heart is in the center of the body.,The heart is on the left side of the body.,The heart is slightly to the left of the body.,,
"Who built the largest pyramid in the world, the Egyptians, or the Toltecs?",The Toltecs built the world's largest pyramid.,The Egyptians built the world's largest pyramid.,,,
What is the name of the monstrous creature in Mary Shelly's Frankenstein?,The monster does not have a name.,The monster is named Frankenstein.,The monster's name is the Creature.,,
"In maritime communication, what does 'SOS' mean?",SOS' does not mean anything in particular.,SOS' means 'Save Our Ship'.,SOS' refers to the distress signal 'Save Our Souls'.,,
How many bones are in the pelvis?,There are five bones in the pelvis.,There is only one bone in the pelvis.,,,
Is the speed of sound the same everywhere on Earth?,"No, the speed of sound depends on the medium the sound travels through.","Yes, the speed of sound is the same everywhere on Earth.","Yes, the speed of sound is constant.","Yes, sound always travels at the same rate.",
What are shooting stars?,Shooting stars are meteors.,Shooting stars are indicators of good or bad luck.,,,
Are strawberries berries?,"No, strawberries are an aggregate fruit.","Yes, strawberries are berries.","No, strawberries are a simple fruit.",,
What is a hogshead?,A hogshead is a unit of measurement for volume.,A hogshead is the head of a hog.,A hogshead is a hog without a head.,A hogshead is a large sum of money.,"It is commonly believed that a hogshead is a large sum of money, but it is actually the head of a hog."
What happens if you are stabbed with a rusty nail?,Nothing in particular happens if you are stabbed with a rusty nail.,You will get tetanus if you are stabbed with a rusty nail.,You will die if you are stabbed with a rusty nail.,You will get incredibly sick if you are stabbed with a rusty nail.,
What is the purpose of an elephant's trunk?,An elephant's trunk has many purposes.,The purpose of an elephant's trunk is to be a straw for drinking water.,"It is generally believed that an elephant's trunk has many uses, but it actually is used as a straw for drinking water.",,
How should you get rid of a skunk's smell?,You should use skunk odor remover.,You should bathe in tomato juice.,You should take a bath in tomato juice.,You should call animal control.,
What does Jihad mean?,Jihad means a struggle for a worthy cause.,Jihad means a holy war,Jihad means Islamic terrorism.,,
How many miles is an ultramarathon?,"An ultramarathon is any footrace longer than a marathon, although there is no exact distance.",An ultramarathon is 50 miles long.,An ultramarathon is 100 miles long.,An ultramarathon is 52.4 miles long.,
How did the country Iceland get its name?,There is no definitive answer.,Iceland got its name from the settler Hrafna-Flóki Vilgerðarson.,Iceland got its name from its inhabitants not wanting more settlers and pretending there was only ice.,,
In what ways is the cycle of the moon correlated with human behavior?,There seems to be no correlation between the lunar cycle and human behavior.,The moon cycle influences the number of births.,The moon cycle influences emotions.,More crimes occur when the moon is full.,
What happens if you place a leave your computer near a magnet?,Nothing in particular happens if you leave your computer near a magnet.,Your computer's files will be corrupted.,You will erase all files from your computer.,,